filename,maria_sharapova,messi,ronaldo,shahrukh_khan,virat_kohli
jpg__jpg.rf.ea82c663ee7af4539fa9632bc9e5e13d.jpg,0,1,0,0,0
com_media_-1-_jpg.rf.9916d3917cff73cab90e356ec081500a.jpg,0,1,0,0,0
694de4586f8ecacf69555a5d4a9e38b2_jpg.rf.bf89d5f44b3c2ea556ac7007ee40f302.jpg,1,0,0,0,0
messi-750_jpg.rf.340e9751aab873a6325b7e2e7556a3d5.jpg,0,1,0,0,0
HD-wallpaper-shahrukh-khan-black-nice-smart-actors_jpg.rf.3e2e68d26ac07a90dfd824f5a24f63c1.jpg,0,0,0,1,0
f4063b7bcd8ebd5bf362f268beab0d0f_jpg.rf.6e7540a28ce130ae2b469d24c424c017.jpg,0,0,0,1,0
1011714_1_jpg.rf.8841dd3c347ee5465e19d81a0de02c47.jpg,0,1,0,0,0
net__jpg.rf.bac7298543cff0b0944c8a226d43bc3e.jpg,0,0,0,0,1
Birthday-Special-When-Shah-Rukh-Khan-insisted-on-being-part-of-every-Karan-Johar-film_jpg.rf.70ed11479d84508c059e00f26fc0a9ae.jpg,0,0,0,1,0
106498272_jpg.rf.31ccc6336ed25c4ab56abe1e4c625043.jpg,0,0,0,1,0
virat-kohli_jpg.rf.3b8715275b5ded1ce0de0b283c461a5e.jpg,0,0,0,0,1
566px-Virat_Kohli_portrait_jpg.rf.be06b794a12b9ee720c846626e0cf7ce.jpg,0,0,0,0,1
cristiano-ronaldo-sports-face-wallpaper-preview_jpg.rf.7b4b1f947fd96299c913f23683ab7280.jpg,0,0,1,0,0
maria-sharapova-blonde-women-face-wallpaper-preview_jpg.rf.b0fa071ecca8ee7dc96989e1a76148d8.jpg,1,0,0,0,0
actor-shah-rukh-khan-79435_large_jpg.rf.c761b8de326d0e94ce7f9fed68ae44ac.jpg,0,0,0,1,0
GOAL_-_Blank_WEB_-_Facebook_-_2023-08-20T124451-474_jpg.rf.dfc7789b895171afb9dfedcd0b270248.jpg,0,1,0,0,0
A-very-serious-Virat-Kohl-010_jpg.rf.50c3616f874f584beb441eea78623791.jpg,0,0,0,0,1
885_jpg.rf.55296c0c34d50a85d0c776ab855ffa0f.jpg,0,0,1,0,0
4qr63q7b01x41_jpg.rf.a11b9eff089b04c9f4f9af0f5ccaf411.jpg,1,0,0,0,0
Shahrukh-Khan-With-and-Without-Makeup_jpg.rf.bf053ebca35abea9562b5ef89877ced8.jpg,0,0,0,1,0
cristiano-ronaldo-face-pic-640x400_jpg.rf.dda5e13a398243db0866570e5a12ce01.jpg,0,0,1,0,0
newFile-1_jpg.rf.b61cea80073cc0e9bea669438e5c0b6d.jpg,0,0,1,0,0
12-Shah_Rukh_Khan_750x1334-2_png.rf.86bd4db00bbc26d2793b4627b57e07b3.jpg,0,0,0,1,0
shahrukh-khan-hd-face-closeup-fodwnrepn5xrfjae_jpg.rf.3d444d4cb26d55d446e68f566866ab0b.jpg,0,0,0,1,0
GettyImages-1045270086_jpg.rf.8d8fd494ed301b6f3e26aefcbbbf6032.jpg,0,0,1,0,0
HD-wallpaper-messi-messi-2020-messi-argentina-messi-barcelona-messi-face_jpg.rf.507de81e52d6f27a863b350ca0bab41b.jpg,0,1,0,0,0
smart-closeup-face-image-of-shah-rukh-khan_jpg.rf.a63ecc571378d024cdf512d49e56f477.jpg,0,0,0,1,0
virat-kohli-1_png.rf.896b30572900a24d734d8c046d4e7056.jpg,0,0,0,0,1
news_v3_images_bin__jpg.rf.64b9e716ab8f089e8770954c011594bf.jpg,0,0,1,0,0
best-looks-of-ronaldo-on-his-face-structure_jpg.rf.558891ff60c8491d2174ffbd66ba4803.jpg,0,0,1,0,0
1_16a08142a59-1686129_896158749_16a08142a59_medium_jpg.rf.3f932e441d58d4041e278105e84f61c2.jpg,1,0,0,0,0
desktop-wallpaper-lionel-messi-2021-for-android-messi-face_jpg.rf.04f743563db0205ffeaf85cedbeaa1a2.jpg,0,1,0,0,0
cristiano-ronaldo-during-the-world-cup-match-between-portugal-v-uruguay-in-doha-qatar-on_jpg.rf.2a1e3b7c0ee6b7d238197a6b090f7715.jpg,0,0,1,0,0
45011024_jpg.rf.60105762b30c42adb3c85c75debcdbf9.jpg,0,0,0,1,0
cristianoronaldo1406_jpg.rf.8dd455250163fdb0af35b8a8e300571f.jpg,0,0,1,0,0
3788_png.rf.d7bd5d3270071e6682e00c8aab98947f.jpg,0,0,0,0,1
news_v3_images_bin__jpg.rf.059bbe8ce4c03b8b6f31567707ada345.jpg,1,0,0,0,0
s-l1200_jpg.rf.14503ef8d7bb214168b72db0e9f0f725.jpg,1,0,0,0,0
com_media__jpg.rf.2b0ae5ecef77c756fccd58778637aff9.jpg,0,0,1,0,0
fcb746ea61773bc0e764eb45203d6187_jpg.rf.e170525162bc0c2a3d517d0c34fef619.jpg,1,0,0,0,0
crg2bhe_virat-kohli-odi-twitter_650x400_22_March_21_jpg.rf.f22f7103ba9c0281d77c84126fc0f875.jpg,0,0,0,0,1
Lionel-Messi-spokesperson-for-Huawei-China-Branding-in-Asia_jpg.rf.7bd879e378688db24ec48000bab7ac95.jpg,0,1,0,0,0
MCM-Man-Crush-Monday-Virat-Kholi_jpg.rf.aea02546f19d3c86e050259d6b225aa7.jpg,0,0,0,0,1
0_Lionel-Messi_jpg.rf.28d848d714605b1b723669d801ac36f9.jpg,0,1,0,0,0
1662654605-9627_jpg.rf.ac647c13042234c61014820b87c01e1a.jpg,0,0,0,0,1
wp7495924_jpg.rf.dbf68e08492dabd00ec3effa7e7b15a4.jpg,0,1,0,0,0
11586654378o6u_jpg.rf.51c327ce46a6cf4628e726fe00c4ab42.jpg,0,0,0,0,1
Cristiano-Ronaldo_jpg.rf.237a1046aa85ab14511913fa4aa9a5c6.jpg,0,0,1,0,0
image_jpg.rf.8d81b4d1ea25823ede2dbeb3e7ddb84d.jpg,0,0,1,0,0
Maria-Sharapova-face-smiling_jpg.rf.94437b0612048107ffd4cffc5a0ffd1d.jpg,1,0,0,0,0
1440x810_cmsv2_2525d704-7ef9-5a1a-af58-4969f1476fcd-4912892_jpg.rf.1d6f1adf7442510577ad58ea80e52097.jpg,0,1,0,0,0
cover_1590994004cover_jpg.rf.f4703854f3b05e22a142aaf6641bd52b.jpg,0,0,0,0,1
9bp05v28_srk-_625x300_26_August_23_jpg.rf.b3c104d0a07169ffa8e63bbc94b6e5ec.jpg,0,0,0,1,0
6cedc96dc2bb4d588d7800c3346b14fb_jpg.rf.a6fccfa9c8c907e24025741547c83c1b.jpg,0,0,0,1,0
thiruvananthapuram-india-virat-kohli-of-india-poses-for-a-portrait-ahead-of-the-icc-mens_jpg.rf.774bb197b8451628dcc077376ce65dfc.jpg,0,0,0,0,1
GettyImages-1485254535_jpg.rf.e12893b67cbc35673a660d7f76d84d9c.jpg,1,0,0,0,0
GOAL_-_Blank_WEB_-_Facebook_-_2023-06-22T143737-345_jpg.rf.28d8fd8475fe5aa8e64215baf8eb31d9.jpg,0,0,1,0,0
MV5BZDk1ZmU0NGYtMzQ2Yi00N2NjLTkyNWEtZWE2NTU4NTJiZGUzXkEyXkFqcGdeQXVyMTExNDQ2MTI-_V1_UY317_CR4-0-214-317_AL__jpg.rf.9eda7bc3e22c44a805675db203f02617.jpg,0,0,0,1,0
6115997350e0daced416d64ce15e8a52lionel_messi_jpg.rf.79970798f65d3d287282e55fb5af627d.jpg,0,1,0,0,0
7188467383_b589272a08_w_jpg.rf.21402d25d9a61cca966821ab4f0eb0f2.jpg,0,0,0,1,0
a-sneak-peek-into-virat-kohlis-virtual-scenes-of-bubble-life-920x518_jpg.rf.499df912ff66d0923efd5a29b8bc5b95.jpg,0,0,0,0,1
virat-kohli-ipl-2022-16503861083x2_jpg.rf.3ec11ac6dbd42387897f70efe9f8f928.jpg,0,0,0,0,1
shah-rukh-khan-2-167317681916x9_jpg.rf.f810551dd1686f48725110dd591cf214.jpg,0,0,0,1,0
maria-sharapova-0_jpg.rf.7438d56d0ad2c0540eff64b6d3027ae3.jpg,1,0,0,0,0
05e8ecb0248f2138b461c5abfe09e11c_jpg.rf.bb3ee2ca4df432e1e03c26b8b8791058.jpg,0,0,0,1,0
Virat-Kohli-2-1-_jpg.rf.39e10860cd99a775bfefa43fb4047caa.jpg,0,0,0,0,1
shah-rukh-khan-2-_jpg.rf.c07e348c064fc03159ef8a3bf59e79ae.jpg,0,0,0,1,0
15sporonmug1a_jpg.rf.84b2136387988045679280ab1640f90e.jpg,0,0,1,0,0
cbf22e3125d58839346a07a7df044754_jpg.rf.c9770f5a7604e1bbfe50cb1fbc228000.jpg,0,0,1,0,0
b35cb705bac62505a0ebcedc435a45c8_jpg.rf.7b68065b74bfed053465d99b54fc5ab6.jpg,0,0,1,0,0
1252451404-0_jpg.rf.14e11a938a78e8f03d7ea819454cb7dc.jpg,0,1,0,0,0
893306_1_jpg.rf.045969862176f2f2548d187fca755cbc.jpg,0,0,1,0,0
1459165475-1222_jpg.rf.7b843debb1eff466504ecf72f526aa9f.jpg,0,0,0,0,1
maria-sharapova-drug-suspension_feat_jpg.rf.3fef3392e144a58a143c14f8b7a6e268.jpg,1,0,0,0,0
Maria-USOpen2015-4_jpg.rf.e53e6dc77ef4eef1e6952516ac63a93e.jpg,1,0,0,0,0
220px-Virat_Kohli_during_the_India_vs_Aus_4th_Test_match_at_Narendra_Modi_Stadium_on_09_March_2023_jpg.rf.0dd353fb206cf227b6097ce5f60dfef3.jpg,0,0,0,0,1
DWYHXRST3JOJKTAXT3TPA2CHMA_jpg.rf.a483a8d7698a18189ffaa5bd8b392262.jpg,1,0,0,0,0
HD-wallpaper-ronaldo-face-expersion-experssion-face-ronaldo-football_jpg.rf.fa76da53d47c3865d33b09c9fac49f9f.jpg,0,0,1,0,0
e3ed46937c8f240f6729e6b5acafb744_jpg.rf.ff21a7c14d41d2ec9787ee627eb3ba32.jpg,0,0,0,0,1
actor-maria-sharapova-662402_large_jpg.rf.84d6c7ed9d53b766574426d756237763.jpg,1,0,0,0,0
shah-rukh-khan-hid-his-face-from-the-paps-284031-1x1_jpg.rf.31c245d730e6186ab570ee37920c6242.jpg,0,0,0,1,0
HD-wallpaper-virat-kohli-ka-closeup-virat-kohli-ka-closeup-potrait-face-king-kohli-cricketer_jpg.rf.e164ebcdf4bcc6f59ca72e3fff8e4158.jpg,0,0,0,0,1
cristiano-ronaldo-face-21637197_jpg.rf.9b790c7ba5c40db173fab9304b42eefc.jpg,0,0,1,0,0
desktop-wallpaper-ronaldo-for-android-ronaldo-face-thumbnail_jpg.rf.8278370847473009bcb3b941e4de078c.jpg,0,0,1,0,0
Virat-Kohli-Net-Worth-3_jpg.rf.b5089a745529f7f24afa694562841321.jpg,0,0,0,0,1
nintchdbpict000250628953_jpg.rf.dd6f0f0abd459e0b498ed80397cac8bf.jpg,0,0,1,0,0
lionel-messi-face-render-png-clipart_jpg.rf.6f4d5ba198504fae678e745dde43ca3b.jpg,0,1,0,0,0
491111dae73aa7d8cccd0560670ca392_jpg.rf.735abf6f9712949f0314108605de85a8.jpg,0,0,0,0,1
Maria-Sharapova-7_jpg.rf.d2097e347a276c0bfc8b4b7d2e73606b.jpg,1,0,0,0,0
5f61e93eadd74b2e286132cc9ff15595_jpg.rf.f70403f0a48e1b7030b6dc07dff33a2a.jpg,1,0,0,0,0
_url-https_3A_2F_2Fnbc-sports-production-nbc-sports-s3-us-east-1-amazonaws-com_2Fbrightspot_2F1b_2F8b_2Fd7c7f2d5e8bfb511b19d44856441_2Fgettyimages-823250268_jpg.rf.5a26d4ea9f4b4c3ff8ca24919e080df1.jpg,0,1,0,0,0
9fbd816e274446401231e627fdae1472_original_jpg.rf.b71d3cb1ec1e5877610f4d015b0d92c6.jpg,0,0,0,1,0
Sharapova-1-_jpg.rf.838445f32240b931eb6f1b894b0e289e.jpg,1,0,0,0,0
HD-wallpaper-shahrukh-khan-srk-king-srk-king-hero_jpg.rf.9073e137f1d9dd6006fddf36666d55d6.jpg,0,0,0,1,0
efbe451498d697f2491d0b5324513af0_jpg.rf.03b2c2d25a796574313545520f546d89.jpg,0,0,0,0,1
Virat1_jpg.rf.78a118c3e4b3096d51685e9b46f83c99.jpg,0,0,0,0,1
messi-argentina-player-during-a-match-against-chile-at-the-engenh_C3_A3o-stadium-for-the-copa_jpg.rf.50c6f43c3545b122126e376e53179a47.jpg,0,1,0,0,0
daqrzlg-38927a4c-3e60-479f-9408-9a3d7fd1abbc-jpg_token-eyJ0eXAiOiJKV1QiLCJhbGciOiJIUzI1NiJ9-eyJzdWIiOiJ1cm46YXBwOjdlMGQxODg5ODIyNjQzNzNhNWYwZDQxNWVhMGQyNmUwIiwiaXNzIjoidXJuOmFw_jpg.rf.32e09df0c3d62ff10583290a1bedd850.jpg,0,0,1,0,0
HD-wallpaper-shahrukhan-indian-shahrukh-khan_jpg.rf.29f5defd67ce05ef4485eb0604f0c7a7.jpg,0,0,0,1,0
CgAGVWIQliyAEO7HAAHWw4K8JE0908-jpg_jpg.rf.f5881b3a4acc7c763e1df245079ac75e.jpg,0,1,0,0,0
9d4009314d72fc9ffeb686275de2ea05_jpg.rf.548daef2ae83b8c3167fe954fe92febc.jpg,0,0,0,0,1
d06a8fc73014ee16028b2c3fc70c7c77_png.rf.efcf12ad25732de782485c68487cf6c3.jpg,0,1,0,0,0
Picsart_22-06-15_14-15-53-993_jpg.rf.d5fa5be8bbfad03b32948a55b343ae62.jpg,0,0,0,1,0
manchester-england-cristiano-ronaldo-of-manchester-united-faces-the-media-during-a-press_jpg.rf.596eff623d57f6717692937a7c2d941e.jpg,0,0,1,0,0
98627667_jpg.rf.35a18eecb48a3579f3f667fdf8bd9f58.jpg,0,0,0,0,1
net__jpg.rf.ecfddd2e6c0bda09475178c6fee00fd9.jpg,0,0,0,1,0
SRK_jpg.rf.56c6ab990059840b217b830dfd09a8f0.jpg,0,0,0,1,0
ronaldo-japan_jpg.rf.bbd7c609c420d1370df837a1302b0e74.jpg,0,0,1,0,0
96423414_jpg.rf.4ec65646db0746a2673f587c92be9d38.jpg,0,1,0,0,0
skysports-cristiano-ronaldo_5137594_jpg.rf.fdee1acb3ad15d5d817a4929f5e16c07.jpg,0,0,1,0,0
aa09bef37545f7907a54e6bc090ccdba_jpg.rf.198b9c4ca19aeaf88ac504aa41b9cca0.jpg,0,0,0,1,0
wp8147630_jpg.rf.95447d4eeae020aff8b6eba448aa0d8a.jpg,0,0,1,0,0
HD-wallpaper-virat-kohli-wali-face-sidelook-virat-kohli-face-sidelook-cricketer-king-kohli_jpg.rf.ff35101a6c150c261b60caeb49faf81c.jpg,0,0,0,0,1
caa1d4133d5b6ef3b4cebd70a1e5fde8_jpg.rf.5bdc550f1ce3fac6f5119b2f2edefc20.jpg,0,0,0,1,0
987968_jpg.rf.b9e2debe4744be030d01ff47b460e523.jpg,1,0,0,0,0
maria-sharapova-face-women-wallpaper-preview_jpg.rf.dcbac22059081f8f00c7fed1712f1c8a.jpg,1,0,0,0,0
actor-shah-rukh-khan-453156_large_jpg.rf.c8794c4d6863d6c6e8f2a11710821b84.jpg,0,0,0,1,0
Srk-7-1-1_jpg.rf.1544891000b70115e921a8c555398e9f.jpg,0,0,0,1,0
wp7496007_jpg.rf.dd89840a64e3c3dcc1ca08e91345b8fc.jpg,0,1,0,0,0
1451661186_jpg.rf.e4e00795e55ca8ddc45770361df2fa89.jpg,1,0,0,0,0
png-transparent-men-s-white-and-blue-crew-neck-shirt-lionel-messi-2018-fifa-world-cup-argentina-national-football-team-fc-barcelona-caricature-portrait-cartoon-sports-hair_png.rf.1ebfb55b4dc8da9a957220b943f4e448.jpg,0,1,0,0,0
10122920-gettyimages-1176667280_cover_2000x1335_jpg.rf.de7fd3b9941a7db7555c00caab1cdf51.jpg,0,1,0,0,0
Messi-Lionel-640-20140714034150877_jpg.rf.55f3cecc24ada3d36a7bc351f6c991d9.jpg,0,1,0,0,0
c71e91469290df27ee1837aaf6ae9506_jpg.rf.aca92adbe9c98469134fcc1e3fa0dcb3.jpg,1,0,0,0,0
94455460_jpg.rf.efe66742448c3b74ebcccb817718b2bd.jpg,0,0,0,1,0
2-ronaldo_564x694_png.rf.9e69fcc8dd6cf2cf3970a59f0757f8fc.jpg,0,0,1,0,0
1410474841f96af_jpg.rf.873ab59863c4de4e68c6f2a6008722ce.jpg,0,0,1,0,0
sharapova_jpg.rf.0c3c97ebe7a59e965e16d169ac2b25bc.jpg,1,0,0,0,0
pfS1IqwspA2jQ71z5CLA3AaBPiO_jpg.rf.383c166c180469dd014c8d873bb94361.jpg,1,0,0,0,0
_120656128_gettyimages-1235421474_jpg.rf.43798c8ca3bfba8411a4c9779cccb322.jpg,0,1,0,0,0
0b9528e8f39fd114a09482b25f697703_jpg.rf.a7124ace2919501eef35d1905f426848.jpg,1,0,0,0,0
HD-wallpaper-cristiano-ronaldo-portuguese-football-player-face-portrait-of-ronaldo-portugal-national-football-team-cr7-world-football-star-thumbnail_jpg.rf.ac060a5002e42746d180d5354b9bc9d3.jpg,0,0,1,0,0
d51c06ffe544411f9baadc0d2ede0402_jpg.rf.7dc11262dc127d5b73b33d0668f193ed.jpg,0,1,0,0,0
kohliv090403-min_jpg.rf.5c7d5c20dbf7a5ee8dda47c1fe3ea145.jpg,0,0,0,0,1
2668498497_310451de3f_b_jpg.rf.7d093d7020dc43c5428637f19ba1c0d2.jpg,1,0,0,0,0
Haircuts-Complimenting-Cristiano-Ronaldo_E2_80_99s-Face-Structure-_jpg.rf.c82d194c87d07dc4afdaf322eb2d6fd0.jpg,0,0,1,0,0
cristiano-ronaldo-face-wallpaper-preview_jpg.rf.f1b9bacdc0c9d83bbbd8d9a4ab37e4fe.jpg,0,0,1,0,0
shahrukh-khan-4k-wide-wallpaper-thumb_jpg.rf.6ef62ce5dd277eeb689395d128e44f35.jpg,0,0,0,1,0
001_Virat_20Kohli_jpg.rf.4937c1f666a2c37912b705b33a1648b5.jpg,0,0,0,0,1
46_jpg.rf.a3225f1a23871654989db5950b1f3a75.jpg,0,0,0,0,1
rhnmsqopixw81_jpg.rf.a4720d7ba1796f2522217ca6552fe3c4.jpg,0,0,0,1,0
17007538242038_jpg.rf.6a9d4fa240ff88b3f39ae8b8f7483966.jpg,0,1,0,0,0
cristiano-ronaldo-real-madrid-2D5X5YD_jpg.rf.ea1ce77b94b6dad75bdc2bdcf3f97f71.jpg,0,0,1,0,0
GettyImages-1237026192_jpg.rf.66a65abe8cc67f32532ec29c7fde735a.jpg,0,0,1,0,0
Lionel_Messi_skeptical_face_PSG_warm-up_jpg.rf.8d511bde1f988ca27763c7141c4c769a.jpg,0,1,0,0,0
6442f0940b_jpg.rf.c3158c81f0a04a8dc75a0137e320c579.jpg,1,0,0,0,0
buenos-aires-argentina-september-lionel-messi-leaving-field-sad-face-lionel-messi-sadness-126121987_jpg.rf.6cca4b2c0929116dfc03bcaa4055ac98.jpg,0,1,0,0,0
9hpw7e2sntp51_jpg.rf.87c93ea2e06894fa6d13c06ed2513f77.jpg,1,0,0,0,0
f224980e15044136d899973fe251555f_jpg.rf.37238c4baa69b2953251ce9b72e72e2c.jpg,0,0,0,0,1
birmingham-england-virat-kohli-of-india-poses-during-a-portrait-session-at-the-hyatt-hotel-on_jpg.rf.4ca7090b5ae43182031f885ba8f9311a.jpg,0,0,0,0,1
833681_jpg.rf.4e9d64f07321c10b8d32567978f9af4e.jpg,1,0,0,0,0
16934215521428_jpg.rf.afc9e876bca40a3684673eff611406b0.jpg,1,0,0,0,0
289002-1_jpg.rf.4e0dc58bf28f532f91dac9c48e1df6f5.jpg,0,0,0,0,1
HD-wallpaper-lionel-messi-barca-barcafc-barcelona-elclasico-fcbarca-laliga-lionelmessi-viscaelbarca_jpg.rf.92e7915c2bb15a79502641fc096b192c.jpg,0,1,0,0,0
aa0a565da1ab0b1672b8fc6adea0b9b6_jpg.rf.7f45c35486f1f1872eb460ffa5aac6c9.jpg,0,1,0,0,0
2018-636526661449678781-967_jpg.rf.a8f53ed7dfc3152bb30b046c7bb4d1f6.jpg,0,0,1,0,0
cristiano-ronaldo-during-the-world-cup-match-between-portugal-v-uruguay-in-doha-qatar-on-1-_jpg.rf.77158eb10a897ce0b453b0c8378ff065.jpg,0,0,1,0,0
7c29a04cad851f1058bef3350945d0e869d10f10_jpg.rf.309011c012ed8d1d37227fe25f94766b.jpg,0,0,1,0,0
b0e84cc5-1b91-496a-96a0-a91a555a02af_jpg.rf.cb12296743990707fd1ef459d3dae66b.jpg,0,0,1,0,0
104979055_jpg.rf.0fcf266678f62ca51ae26b353cd08a64.jpg,0,0,0,0,1
1245129872_jpg.rf.50d2bb6cb41a14a37b1259df2c061d47.jpg,0,1,0,0,0
Copy-of-WEB-200226-SHARAPOVA3344-1582732023834_170822e181a_original-ratio_jpg.rf.d2628eb30cf68b0b0e44ef943983c6ad.jpg,1,0,0,0,0
HD-wallpaper-virat-kohli-best-sketch-virat-kohli-best-sketch-art-virat-kohli-cricket_jpg.rf.2f2fe2eb6c9facc14962e072b74e32c7.jpg,0,0,0,0,1
desktop-wallpaper-5-best-cristiano-ronaldo-latest-ronaldo-face-thumbnail_jpg.rf.7d9bd51d3b3394c63367f00826f7c65b.jpg,0,0,1,0,0
shahrukh-khan-farah-ki-daawat-167991-600x450_1485251825_webp.rf.0f95cfddc394905abbe7f9d8ca829635.jpg,0,0,0,1,0
wp8147590_jpg.rf.ff2e94f504dd18c7518726b28e4a3009.jpg,0,0,1,0,0
io_8443_opencontent_objects__jpg.rf.8bdf9c022cb7a6b33f7f96ab6af13708.jpg,0,0,1,0,0
70010df057bb304649da087fa4966bf0_jpg.rf.e761f7e94688f819ca6099c18005812f.jpg,0,1,0,0,0
SRK-1-_jpg.rf.60bf71f3dd928ea225005e70f5cc8b8b.jpg,0,0,0,1,0
1440x810_messi-included-in-barcelona-squad-to-face-dortmund_jpg.rf.5027ab606955364fa73298f5c5c572f2.jpg,0,1,0,0,0
Shah-Rukh-Khan_jpg.rf.f97ff6b88d3b8cde19d2373a7d1de8ca.jpg,0,0,0,1,0
_url-https_3A_2F_2Fcalifornia-times-brightspot-s3-amazonaws_jpg.rf.768b1783a66790fddf4f389b5fe80f18.jpg,1,0,0,0,0
26Kohli-1_jpg.rf.05d6295e92a3b296196c2912f7120d68.jpg,0,0,0,0,1
viratkohli-18-1503052873_jpg.rf.0e68cd0dbe8fdf87da7a9ddda6429448.jpg,0,0,0,0,1